species_id,record_type,latitude,longitude,state,county,locality,elevation_ft,year,month,day,collector,collection,notes
1,specimen,47.6062,-122.3321,WA,King,Seattle,56,2019,6,15,J. Smith,UW Burke Museum,
1,photograph,45.5152,-122.6784,OR,Multnomah,Portland,15,2020,7,22,A. Jones,iNaturalist,
2,specimen,46.8523,-121.7603,WA,Pierce,Mt Rainier NP,1650,2018,8,3,B. Wilson,WSU Collection,alpine meadow
2,literature,48.7519,-122.4787,WA,Whatcom,Bellingham,30,2015,5,10,C. Davis,Published Record,ref: Jones 2015
3,specimen,42.3265,-122.8756,OR,Jackson,Ashland,580,2021,9,1,D. Lee,OSU Collection,
3,photograph,47.0379,-122.9007,WA,Thurston,Olympia,45,2020,6,18,E. Park,iNaturalist,at light
4,specimen,46.0571,-118.3305,WA,Walla Walla,Walla Walla,280,2017,7,30,F. Chen,Private Collection,reared from tomato
4,field notes,44.0521,-123.0868,OR,Lane,Eugene,130,2022,8,15,G. Brown,Field Notes,observed at dusk
5,specimen,48.4637,-123.3117,WA,San Juan,Friday Harbor,10,2019,5,25,H. Kim,UW Burke Museum,
5,photograph,45.3573,-121.6959,OR,Hood River,Mt Hood,1200,2023,7,8,I. Patel,iNaturalist,nectaring on phlox
6,specimen,42.05,-118.62,OR,Harney,VanHorn Cr mouth,4396,2014,4,30,L. Crabo/G. Morrell,G. Morrell C,
6,specimen,42.06,-122.09,OR,Klamath,Klamath R Cyn; 5 mi SSW John Boyle Res,3247,2014,4,29,L. Crabo/G. Morrell,LGCC,
6,specimen,42.09,-122.49,OR,Jackson,Soda Mt. LO,6050,1999,6,23,D. N. Ross,DNR,
6,specimen,42.09,-123.11,OR,Jackson,Kinney Cr.,1804,1962,5,4,G. M. Hawk,OSAC,
6,specimen,42.1,-123.68,OR,Josephine,Rough & Ready Botanical Wayside,1387,2001,3,30,D. N. Ross,OSAC,
6,specimen,42.1,-123.68,OR,Josephine,Rough & Ready Botanical Wayside,1387,2001,3,1,D. N. Ross,DNR,
6,specimen,42.11,-120.34,OR,Lake,Lower Crane Cr.,4721,1982,5,1,Harold Rice,JHS,
6,specimen,42.16,-118.61,OR,Harney,Little Cottonwood Cr.,4379,2021,5,15,L. G. Crabo,LGCC,
6,specimen,42.23,-122.52,OR,Jackson,"Dead Indian Rd., 10mE. Ashland",4565,1997,4,20,J. & S. Shepard,JHS,
6,specimen,42.23,-113.35,ID,Cassia,"Malta, 6mSE",4583,1956,7,19,W. F. Barr,WFBM,
6,specimen,42.24,-123.68,OR,Josephine,Eight Dollar Mt. Rd.,1312,2014,4,28,L. Crabo/G. Morrell,LGCC,
6,specimen,42.25,-123.68,OR,Josephine,Illinois R. @ Eight Dollar Mt.,1850,2001,3,30,D. N. Ross,DNR,
6,specimen,42.33,-122.76,OR,Jackson,"Medford, Pineridge Dr",2952,2021,4,16,L. G. Crabo,LGCC,
6,specimen,42.37,-111.56,ID,Bear Lake,Emigration Creek CG,7200,1993,7,14,J. & S. Shepard,JHS,
6,specimen,42.45,-122.95,OR,Jackson,Lower Table Rock,2028,1981,4,24,Neil Cobb,OSAC,
6,specimen,42.5,-111.29,ID,Bear Lake,"Georgetown Cyn, steppe",6480,2020,6,24,L. G. Crabo,LGCC,
6,specimen,42.56,-114.46,ID,Twin Falls,Twin Falls,3700,1974,7,21,J. K. Wangberg,WFBM,
6,specimen,42.56,-114.46,ID,Twin Falls,Twin Falls,3700,1970,7,27,A. C. Antonelli,WFBM,
6,specimen,42.57,-118.53,OR,Harney,Pike Cr.,4167,1992,6,3,J. & S. Shepard,JHS,east side Steens
6,specimen,42.72,-118.62,OR,Harney,Jackman Park,7800,2003,7,11,D. N. Ross,DNR,
6,photograph,42.72,-123.38,OR,Josephine,"Glendale, 3 mi ESE",1991,2010,4,16,E. Bottorff,,https://bugguide.net/node/view/386237
6,specimen,42.83,-118.92,OR,Harney,"Frenchglen, vic.",4202,1981,7,25,"S. G. Jewett, Jr.",OSAC,
6,specimen,42.84,-124.54,OR,Curry,Cape Blanco SP,205,1992,5,18,J. & S. Shepard,JHS,
6,specimen,43.16,-122.15,OR,Douglas,Diamond L.,5183,1967,8,1,C. W. Nelson,OSAC,
6,specimen,43.19,-111.16,ID,Bonneville,"Jensen Cr Rd, Thunder Mtn TH",6010,2024,6,5,LG Crabo,LGCC,
6,specimen,43.23,-122.45,OR,Douglas,"Tokatee Falls, 4.5mSE",2904,1997,6,1,D. N. Ross,OSAC,
6,specimen,43.33,-114.08,ID,Blaine,Silver Cr. Nature Preserve,4800,2000,5,26,A. D. Warren,ADW,
6,specimen,43.34,-124.38,OR,Coos,Sunset Beach SP,0,1992,5,17,J. & S. Shepard,JHS,
6,specimen,43.35,-114.79,ID,Camas,Fairfield,5065,1980,6,24,D. R. Smith,OSAC,
6,specimen,43.38,-116.53,ID,Canyon,Melba,2680,1947,8,,,WFBM,
6,specimen,43.42,-123.3,OR,Douglas,"Oakland, nr. @ reststop",449,1967,5,28,"S. G. Jewett, Jr.",OSAC,
6,specimen,43.48,-121.69,OR,Klamath,Gilchrist,4494,1956,7,4,E. J. D[ornfeld].,OSAC,
6,photograph,43.61,-123.56,OR,Douglas,"Elkton, 2 mi S",311,2011,6,16,P. Huntley-Franck,,https://bugguide.net/node/view/530474
6,specimen,43.61,-116.2,ID,Ada,Boise; Barber Park,2730,1983,7,19,K. D. Cannon,CIDA,
6,specimen,43.61,-116.2,ID,Ada,Boise; Barber Park,2730,1983,7,24,K. D. Cannon,CIDA,
6,specimen,43.66,-124.2,OR,Douglas,Umpqua LH SP,100,2000,6,26,J. & S. Shepard,JHS,
6,specimen,43.75,-115.74,ID,Boise,Mile High,6763,1976,6,7,G. A. Shook,CIDA,
6,specimen,43.78,-116.94,ID,Canyon,Parma,2224,1957,7,12,H. W. Homan,WFBM,
6,specimen,43.8,-118.99,OR,Harney,"Devine Cyn., Idlewood CG",5314,1995,6,24,D. N. Ross,DNR,
6,specimen,43.83,-115.83,ID,Boise,Idaho City,3906,1971,5,22,M. M. Furniss,WFBM,
6,specimen,43.91,-124.1,OR,Lane,Woahink L.,43,2002,6,,Fred Jensen,OSAC,
6,specimen,44.05,-123.02,OR,Lane,Springfield,459,1982,5,1,H. E. Rice,OSAC,
6,specimen,44.05,-123.09,OR,Lane,Eugene,419,2005,7,28,D. N. Kimberling,ODAC,
6,specimen,44.08,-116.12,ID,Boise,Banks,2840,1981,5,13,M. M. Furniss,WFBM,
6,specimen,44.18,-118.76,OR,Grant,Parish Cabin CG,4959,1992,6,5,J. & S. Shepard,JHS,
6,specimen,44.22,-122.23,OR,Lane,H. J. Andrews Exp. For.,1500,1994,5,6,,OSAC,
6,specimen,44.22,-122.23,OR,Lane,H. J. Andrews Exp. For.,2500,1994,6,9,D. N. Ross,OSAC,
6,specimen,44.22,-122.23,OR,Lane,H. J. Andrews Exp. For.,2500,1977,6,27,D. Voegtlin,OSAC,
6,specimen,44.22,-122.23,OR,Lane,H. J. Andrews Exp. For.,2500,1977,6,13,D. Voegtlin,OSAC,
6,specimen,44.22,-122.23,OR,Lane,H. J. Andrews Exp. For.,2500,1977,6,8,D. Voegtlin,OSAC,
6,specimen,44.27,-121.26,OR,Deschutes,Cline Falls SP,2900,1987,4,23,Jon H. Shepard,JHS,
6,field notes,44.3,-122.15,OR,Linn,S side Wolf Rock,3166,2022,7,18,LG Crabo/CA Coughlin,,
6,specimen,44.33,-116.06,ID,Valley,Round Valley,4810,1993,5,30,"Dave Ward, Jr.",CIDA,
6,photograph,44.34,-116.32,ID,Gem,"Ola, 11.4 mi N",3690,2013,5,14,F. & M. Zeillemaker,,https://bugguide.net/node/view/773489
6,photograph,44.34,-116.32,ID,Gem,"Ola, 11.4 mi N",3690,2013,6,2,F. & M. Zeillemaker,,https://bugguide.net/node/view/1049194
6,photograph,44.34,-116.32,ID,Gem,"Ola, 11.4 mi N",3690,2014,4,30,F. & M. Zeillemaker,,https://bugguide.net/node/view/1049191
6,photograph,44.34,-116.32,ID,Gem,"Ola, 11.4 mi N",3690,2015,3,20,F. & M. Zeillemaker,,https://bugguide.net/node/view/1049190
6,specimen,44.39,-122.49,OR,Linn,Cascadia,856,2013,5,8,J. & S. Shepard,JHS,
6,specimen,44.46,-121.64,OR,Jefferson,Camp Sherman,3000,1976,5,20,Vic McHenry,OSAC,
6,specimen,44.46,-121.64,OR,Jefferson,Camp Sherman,3000,1981,6,4,V. & M. McHenry,OSAC,
6,specimen,44.46,-121.64,OR,Jefferson,Camp Sherman,3000,1976,7,28,Vic McHenry,OSAC,
6,specimen,44.46,-121.64,OR,Jefferson,Camp Sherman,3000,1981,6,2,V. & M. McHenry,OSAC,
6,specimen,44.46,-121.64,OR,Jefferson,Camp Sherman,3000,1981,7,21,V. & M. McHenry,OSAC,
6,specimen,44.46,-121.64,OR,Jefferson,Camp Sherman,3000,1981,4,28,V. & M. McHenry,OSAC,
6,specimen,44.46,-121.64,OR,Jefferson,Camp Sherman,3000,1981,4,30,V. & M. McHenry,OSAC,
6,specimen,44.56,-115.68,ID,Valley,"Stolle Meadows, S end",5528,2020,6,23,L. G. Crabo,LGCC,
6,specimen,44.56,-115.68,ID,Valley,"Stollle Meadows, S end",5498,2012,7,15,Crabo/Morrell,Sight,
6,specimen,44.56,-123.26,OR,Benton,Corvallis,225,1994,3,28,D. N. Ross,DNR,
6,specimen,44.58,-123.37,OR,Benton,Fitton-Green Nat. area,800,2003,6,15,D. N. Ross,DNR,
6,specimen,44.58,-123.42,OR,Benton,Woods Cr.,328,1998,4,23,A. V. Z. Brower,OSAC,
6,specimen,44.58,-123.42,OR,Benton,Woods Cr.,328,1998,3,26,A. V. Z. Brower,OSAC,
6,specimen,44.58,-123.42,OR,Benton,Woods Cr.,328,1998,3,20,A. V. Z. Brower,OSAC,
6,specimen,44.58,-123.42,OR,Benton,Woods Cr.,328,1998,3,27,A. V. Z. Brower,OSAC,
6,specimen,44.58,-123.42,OR,Benton,Woods Cr.,328,1998,4,20,A. V. Z. Brower,OSAC,
6,specimen,44.58,-123.42,OR,Benton,Woods Cr.,328,1998,3,21,A. V. Z. Brower,OSAC,
6,specimen,44.58,-123.42,OR,Benton,Woods Cr.,328,1999,4,7,A. V. Z. Brower,OSAC,
6,specimen,44.58,-123.42,OR,Benton,Woods Cr.,328,1998,5,1,A. V. Z. Brower,OSAC,
6,specimen,44.58,-123.42,OR,Benton,Woods Cr.,328,1999,5,19,A. V. Z. Brower,OSAC,
6,specimen,44.58,-123.42,OR,Benton,Woods Cr.,328,1998,5,25,A. V. Z. Brower,OSAC,
6,specimen,44.59,-123.4,OR,Benton,Blakesley Cr.,984,2000,3,31,A. V. Z. Brower,OSAC,
6,specimen,44.59,-123.4,OR,Benton,Blakesley Cr.,984,2001,3,31,A. V. Z. Brower,OSAC,
6,specimen,44.59,-123.4,OR,Benton,Blakesley Cr.,984,2001,3,23,A. V. Z. Brower,OSAC,
6,specimen,44.6,-123.24,OR,Benton,Jackson-Frazier Wetlands,223,2003,4,27,D. N. Ross,DNR,
6,specimen,44.62,-123.32,OR,Benton,"Dimple Hill, McDonald For.",1492,1996,3,18,D. N. Ross,DNR,
6,specimen,44.62,-123.32,OR,Benton,"Corvallis, 5mNW - Oak Cr. Gate",500,1962,4,2,N. McFarland,OSAC,
6,specimen,44.62,-123.32,OR,Benton,"Corvallis, NW",400,2007,3,17,Jon H. Shepard,JHS,
6,specimen,44.7,-123.21,OR,Benton,E. E. Wilson,226,2001,5,22,S. S. Schooler,OSAC,
6,specimen,44.7,-123.21,OR,Benton,Camp Adair,223,2001,7,19,D. N. Ross,OSAC,
6,specimen,44.74,-116.81,ID,Washington,East Brownlee Cr.,4200,2009,6,28,Jon H. Shepard,JHS,
6,specimen,44.76,-121.27,OR,Jefferson,Warm Springs,1533,1954,4,22,"S. G. Jewett, Jr.",OSAC,
6,specimen,44.77,-122.56,OR,Marion,"Mill City, 5mW",650,1968,5,11,C. W. Nelson,OSAC,
6,specimen,44.77,-122.56,OR,Marion,"Mill City, 5mW",650,1962,4,21,C. W. Nelson,OSAC,
6,specimen,44.77,-122.56,OR,Marion,"Mill City, 5mW",650,1961,6,17,C. W. Nelson,OSAC,
6,specimen,44.77,-122.56,OR,Marion,"Mill City, 5mW",650,1960,5,29,C. W. Nelson,OSAC,
6,specimen,44.77,-122.56,OR,Marion,"Mill City, 5mW",650,1963,8,17,C. W. Nelson,OSAC,
6,specimen,44.77,-117.83,OR,Baker,Baker,3448,1959,5,20,"S. G. Jewett, Jr.",OSAC,
6,specimen,44.78,-123.24,OR,Polk,Helmick SP,207,1966,7,21,J. F. Cornell,OSAC,
6,specimen,44.86,-116.83,ID,Adams,"Wildhorse R., mouth",2347,1959,5,12,"S. G. Jewett, Jr.",OSAC,
6,specimen,44.86,-122.62,OR,Marion,Silver Falls SP,2000,1957,6,22,"S. Jewett, Jr.",OSAC,
6,specimen,44.88,-117.12,OR,Baker,"Halfway, 2mNE",2500,1991,5,21,Jon Shepard,JHS,
6,photograph,44.9,-123.07,OR,Marion,Salem,229,2008,5,3,M. Kleinbaum,,https://bugguide.net/node/view/180438
6,specimen,44.91,-122.89,OR,Marion,"Macleay, nr",390,1971,4,9,R. W. Long,OSAC,
6,specimen,44.91,-116.1,ID,Valley,McCall,5000,1971,6,21,"S. G. Jewett, Jr.",OSAC,
6,specimen,44.91,-116.1,ID,Valley,McCall,5000,2003,5,31,P. J. Castrovillo,CIDA,
6,specimen,44.91,-116.1,ID,Valley,McCall,5000,2003,6,14,P. J. Castrovillo,CIDA,
6,specimen,44.91,-116.1,ID,Valley,McCall,5000,2005,3,25,P. J. Castrovillo,CIDA,
6,specimen,44.94,-123.03,OR,Marion,Salem,154,1959,4,13,Harold Foster,OSAC,
6,specimen,44.94,-123.03,OR,Marion,Salem,154,1959,4,29,Harold Foster,OSAC,
6,specimen,44.94,-123.03,OR,Marion,Salem,154,1959,4,11,Harold Foster,OSAC,
6,specimen,44.94,-123.03,OR,Marion,Salem,154,1959,4,8,Ken Goeden,OSAC,
6,specimen,45.01,-123.13,OR,Polk,Zena,285,1959,4,23,Jean Fisher,OSAC,
6,specimen,45.12,-117.7,OR,Union,OSU Hall Cr. Ranch,3640,1997,6,8,,OSAC,
6,specimen,45.14,-122.86,OR,Marion,Woodburn,187,1937,3,31,C. W. Herr,OSAC,not Yamhill Co.
6,specimen,45.14,-122.86,OR,Marion,Woodburn,187,1933,3,17,C. W. Herr,OSAC,not Yamhill Co.
6,specimen,45.14,-122.86,OR,Marion,Woodburn,187,1937,4,26,C. W. Herr,OSAC,not Yamhill Co.
6,specimen,45.15,-117.74,OR,Union,Catherine Cr. SP,3228,1991,5,20,Jon Shepard,JHS,
6,specimen,45.2,-117.74,OR,Union,Catherine Creek SP,3281,1991,5,20,J. P. Pelham,LGCC,
6,specimen,45.21,-123.2,OR,Yamhill,McMinnville,160,1940,4,10,K. & D. Fender,OSAC,
6,specimen,45.22,-123.08,OR,Yamhill,Dayton,140,1947,7,18,Ray Albright,OSAC,
6,specimen,45.27,-118.57,OR,Union,Meadow Cr.,4382,1992,5,6,D. G. Grimble,OSAC,Starkey Exp. For. 2B
6,specimen,45.27,-118.57,OR,Union,Meadow Cr.,4383,1992,5,5,D. G. Grimble,OSAC,Starkey Exp. For. 2B
6,specimen,45.35,-123.97,OR,Tillamook,Cape Lookout SP,371,1992,5,15,J. & S. Shepard,JHS,
6,specimen,45.35,-122.68,OR,Clackamas,"Oregon City, 4mW",400,1988,4,22,"S. G. Jewett, Jr.",OSAC,
6,specimen,45.35,-122.68,OR,Clackamas,"Oregon City, ~4 mi W, Vic. Bosky Dell Ln",144,1979,5,14,H. K. Loechelt,HKL,
6,specimen,45.39,-122.61,OR,Clackamas,Jennings Lodge,80,1934,4,27,"S. G. Jewett, Jr.",OSAC,
6,specimen,45.47,-116.55,ID,Idaho,Sheep Cr.,1640,1990,6,7,F. W. Merickel,WFBM,
6,specimen,45.52,-123.11,OR,Washington,Forest Grove,211,1965,3,22,Gale Schneider,OSAC,
6,specimen,45.52,-122.67,OR,Multnomah,Portland,50,1934,4,18,,OSAC,
6,specimen,45.53,-118.12,OR,Umatilla,"Mt Emily, 7 mi NNW",,2016,7,3,Crabo/Morrell,LGCC,
6,specimen,45.59,-123.22,OR,Washington,Gales Creek,289,,,,R. Worth,ODAC,"em. Ex. Cherry. Pupated Aug. 16, 1998; March 11, 1999"
6,specimen,45.59,-122.06,OR,Multnomah,Ainsworth SP,213,2004,6,4,G. R. Lindberg,GRL,
6,specimen,45.6,-122.05,OR,Multnomah,Ainsworth SP,30,2012,5,18,J. & S. Shepard,JHS,
6,specimen,45.64,-122.6,WA,Clark,Vancouver,171,1939,4,10,Glen Axford,WSU,
6,photograph,45.7,-121.89,WA,Skamania,Stevenson,400,2005,4,18,J. Davis,,https://bugguide.net/node/view/41740; photo ID by L. Crabo
6,photograph,45.7,-121.89,WA,Skamania,Stevenson,400,2005,5,14,J. Davis,,https://www.flickr.com/photos/johns_pics/66645823/in/set-72157602678920164/; photo ID by L. Crabo
6,photograph,45.7,-121.89,WA,Skamania,Stevenson,400,2005,5,28,J. Davis,,https://www.flickr.com/photos/johns_pics/66619440/in/set-72157602678920164/; photo ID by L. Crabo
6,photograph,45.7,-121.89,WA,Skamania,Stevenson,400,2005,4,18,J. Davis,,https://www.flickr.com/photos/johns_pics/66640665/in/set-72157602678920164/; photo ID by L. Crabo
6,photograph,45.7,-121.89,WA,Skamania,Stevenson,400,2007,4,23,J. Davis,,https://bugguide.net/node/view/106402; photo ID by L. Crabo
6,photograph,45.71,-121.74,WA,Skamania,"Frog L, Wind Mt",400,2007,5,5,J. Davis,,https://bugguide.net/node/view/109356; photo ID by L. Crabo
6,photograph,45.71,-121.73,WA,Skamania,Bergen Rd,452,2007,6,2,J. Davis,,https://bugguide.net/node/view/117524; photo ID by L. Crabo
6,specimen,45.71,-121.73,WA,Skamania,Bergen Rd,452,2008,6,26,L. G. Crabo,LGCC,
6,specimen,45.75,-122.88,OR,Columbia,Scappoose,62,1936,8,5,J. Schuh,OSAC,
6,photograph,45.78,-121.81,WA,Skamania,"Bear Creek Rd, MP3.5",700,2008,7,2,J. Davis,,https://www.flickr.com/photos/johns_pics/2771460552/in/set-72157602678920164/; photo ID by L. Crabo
6,photograph,45.81,-121.94,WA,Skamania,Whistle Punk Trailhead,1160,2006,4,28,J. Davis,,https://bugguide.net/node/view/50071; photo ID by L. Crabo
6,specimen,45.81,-120.53,WA,Klickitat,Badger Gulch,1160,2000,4,30,J. & S. Shepard,JHS,
6,specimen,45.81,-120.53,WA,Klickitat,Badger Gulch,1160,2004,7,18,J. & S. Shepard,JHS,
6,specimen,45.83,-121.71,WA,Skamania,SE Big Lava Bed,2130,2005,5,12,L. G. Crabo,Sight,
6,specimen,45.87,-123.59,OR,Clatsop,Elsie,430,1967,5,18,,OSAC,
6,specimen,45.87,-123.58,OR,Clatsop,"Elsie, 2mE",400,1963,4,27,"S. G. Jewett, Jr.",OSAC,
6,specimen,45.9,-120.68,WA,Klickitat,Munson Prairie,2461,1988,5,21,L. G. Crabo,LGCC,
6,specimen,45.9,-120.68,WA,Klickitat,Munson Prairie,2461,1989,5,6,L. G. Crabo,LGCC,
6,photograph,45.96,-122.42,WA,Clark,Lake Merwin,853,2007,5,14,D. Anderson,,https://www.flickr.com/photos/ujelang/500068102/in/set-72157594288639530/
6,photograph,45.96,-122.42,WA,Clark,Lake Merwin,853,2006,6,29,D. Anderson,,https://www.flickr.com/photos/ujelang/243682191/in/set-72157594288639530/
6,photograph,45.96,-122.42,WA,Clark,Lake Merwin,853,2008,6,21,D. Anderson,,https://www.flickr.com/photos/ujelang/2598812645/in/set-72157594288639530/
6,specimen,46.0,-116.91,ID,Nez Perce,Garden Cr. Ranch,907,2000,6,5,F. W. Merickel,WFBM,
6,literature,46.02,-110.13,MT,Sweet Grass,"Big Timber, 7.75mN",5500,1969,7,21,J. G. Franclemont,,MONA
6,literature,46.02,-110.13,MT,Sweet Grass,"Big Timber, 7.75mN",5500,1969,7,21,J. G. Franclemont,,MONA
6,literature,46.02,-110.13,MT,Sweet Grass,"Big Timber, 7.75mN",5500,1969,8,13,J. G. Franclemont,,MONA
6,literature,46.02,-110.13,MT,Sweet Grass,"Big Timber, 7.75mN",5500,1969,8,13,J. G. Franclemont,,MONA
6,literature,46.02,-110.13,MT,Sweet Grass,"Halfmoon Park, Crazy Mts.",6500,1969,7,10,J. G. Franclemont,,MONA
6,literature,46.02,-110.13,MT,Sweet Grass,"Halfmoon Park, Crazy Mts.",6500,1969,7,10,J. G. Franclemont,,MONA
6,specimen,46.03,-118.37,WA,Walla Walla,College Place,790,1988,7,4,Not indicated,LGCC,
6,specimen,46.03,-118.14,WA,Walla Walla,Wickersham Bridge,1837,1962,4,20,N. P. Hunter,WSU,
6,specimen,46.05,-118.39,WA,Walla Walla,College Place,790,1948,7,11,G. H. Nelson,WSU,second brood specimen
6,specimen,46.05,-122.86,WA,Cowlitz,"Kalama, 3mN; Caroll's Bluff",164,1991,4,13,L. G. Crabo,WSU,
6,specimen,46.06,-122.86,WA,Cowlitz,"Carrol's Bluff, SW; 3 mi. N Kalama",279,1991,4,13,L. & A. Crabo,LGCC,
6,specimen,46.06,-118.35,WA,Walla Walla,Walla Walla,1000,1967,7,13,W. W. Cone,WSU,
6,specimen,46.08,-118.04,WA,Walla Walla,Biscuit Ridge,3720,1991,6,18,J. P. Pelham,LGCC,
6,specimen,46.21,-119.77,WA,Benton,Prosser; Irrigation Exper. Sta.,665,1956,7,6,,WSU,Irrigation Exp. Sta.
6,specimen,46.21,-119.77,WA,Benton,Prosser; Irrigation Exper. Sta.,665,1956,6,29,,WSU,Irrigation Exp. Sta.
6,specimen,46.21,-119.77,WA,Benton,Prosser; Irrigation Exper. Sta.,665,1956,7,13,,WSU,Irrigation Exp. Sta.
6,specimen,46.21,-119.77,WA,Benton,Prosser,665,1962,6,28,E. C. Klostermeyer,WSU,Irrigation Exp. Sta.
6,specimen,46.21,-119.77,WA,Benton,Prosser; Irrigation Exper. Sta.,665,1956,7,17,,WSU,Irrigation Exp. Sta.
6,specimen,46.21,-119.77,WA,Benton,Prosser; Irrigation Exper. Sta.,665,1956,7,19,,WSU,Irrigation Exp. Sta.
6,specimen,46.21,-119.77,WA,Benton,Prosser; Irrigation Exper. Sta.,665,1956,7,14,,WSU,Irrigation Exp. Sta.
6,specimen,46.21,-119.77,WA,Benton,Prosser; Irrigation Exper. Sta.,665,1956,7,31,,WSU,Irrigation Exp. Sta.
6,specimen,46.25,-117.37,WA,Asotin,Lick Cr.,2625,1993,5,10,Jon Shepard,JHS,
6,specimen,46.32,-123.44,WA,Wahkiakum,"Alcyon Farm, N of Skamokawa",95,2002,7,17,A. C. Emlen,ACE,
6,specimen,46.32,-123.44,WA,Wahkiakum,"Alcyon Farm, N of Skamokawa",95,2003,5,5,A. C. Emlen,ACE,
6,specimen,46.32,-123.44,WA,Wahkiakum,"Alcyon Farm, N of Skamokawa",95,2003,6,6,A. C. Emlen,ACE,
6,specimen,46.32,-117.97,WA,Columbia,Dayton,1620,1955,4,29,R. E. Miller,WFBM,
6,specimen,46.32,-117.97,WA,Columbia,Dayton,1620,1955,4,30,R. E. Miller,WFBM,
6,specimen,46.32,-117.97,WA,Columbia,Dayton,1620,1955,5,12,R. E. Miller,WFBM,
6,specimen,46.33,-115.05,ID,Idaho,Fish L.,5631,1990,7,12,F. W. Merickel,WFBM,
6,specimen,46.34,-115.31,ID,Idaho,"Wilderness Gateway CG, Lochsa R",2066,2021,7,13,LG Crabo/CA Coughlin,LGCC,
6,specimen,46.38,-120.31,WA,Yakima,Toppenish,760,1957,6,24,David Bishop,OSAC,
6,specimen,46.45,-117.2,WA,Whitman,Steptoe Cyn.,793,1985,4,9,R. S. Zack,WSU,3-5mSW Colton
6,specimen,46.45,-117.2,WA,Whitman,Steptoe Cyn.,793,1985,5,24,R. S. Zack,WSU,3-5mSW Colton
6,specimen,46.45,-117.2,WA,Whitman,Steptoe Cyn.,793,1985,4,13,R. S. Zack,WSU,3-5mSW Colton
6,specimen,46.45,-117.2,WA,Whitman,Steptoe Cyn.,793,1985,5,19,R. S. Zack,WSU,3-5mSW Colton
6,specimen,46.45,-117.2,WA,Whitman,Steptoe Cyn.,793,1985,5,17,R. S. Zack,WSU,3-5mSW Colton
6,specimen,46.46,-122.88,WA,Lewis,Drews Prairie; 3 mi. NW Toledo,328,1990,4,4,L. G. Crabo,WSU,
6,specimen,46.47,-121.02,WA,Yakima,"Tampico, 11mSW",3685,1999,6,4,P. J. Landolt,WSU,
6,specimen,46.48,-120.4,WA,Yakima,"Donald, 0.5mW",865,2006,4,20,P. J. Landolt,WSU,
6,specimen,46.49,-120.95,WA,Yakima,"Tampico, 5mW",2740,1999,4,25,P. J. Landolt,WSU,
6,specimen,46.52,-122.82,WA,Lewis,Lewis & Clark SP,459,1990,6,30,L. G. Crabo,Sight,
6,specimen,46.57,-117.13,WA,Whitman,Colton,2562,1985,7,22,R. S. Zack,WSU,second brood specimen
6,specimen,46.58,-120.97,WA,Kittitas,Umtanum Ridge,3609,1988,5,20,L. G. Crabo,LGCC,
6,specimen,46.6,-120.5,WA,Yakima,Yakima,1188,1940,7,12,F. W. Carlson,WSU,second brood specimen
6,specimen,46.62,-113.59,MT,Granite,Brewster Cr Rd @ Golden Gulch,4240,2024,6,7,LG Crabo,LGCC,
6,photograph,46.62,-123.95,WA,Pacific,Bay Center,26,2008,5,8,R. Wilson,,https://www.flickr.com/photos/76798465@N00/2504793199/in/set-72157606389075941/
6,specimen,46.62,-116.22,ID,Clearwater,Dworshak Res,1700,1991,6,14,F. W. Merickel,WFBM,
6,specimen,46.67,-117.28,WA,Whitman,Lyle Grove,2679,1976,3,1,E. J. Davis,WSU,"Pullman, 8mSW"
6,specimen,46.67,-117.47,WA,Pend Oreille,Tiger Mdws.; Rocky Cr. Rd. @ Lost Cr.,3300,1997,5,14,L. G. Crabo,WSU,
6,specimen,46.67,-117.47,WA,Pend Oreille,Tiger Mdws.; Rocky Cr. Rd. @ Lost Cr.,1640,1997,5,14,L. G. Crabo,Sight,
6,specimen,46.67,-120.98,WA,Yakima,Tieton R.,2340,1959,5,24,Jon Shepard,OSAC,
6,photograph,46.67,-121.67,WA,Lewis,"Packwood, 9 km S",1155,2021,5,12,R. Pearson,,
6,specimen,46.67,-121.59,WA,Lewis,"La Wis Wis Campground, ~5 mi NE of Packwood",1280,,,,H. K. Loechelt,,"reared ex Alnus rubra; May 12, 1983"
6,specimen,46.72,-116.83,ID,Latah,"Moscow, 10mE",2700,1970,5,5,R. C. Biggan,WFBM,
6,specimen,46.72,-120.81,WA,Yakima,"Oak Cr., mouth",1804,1992,4,18,L. G. Crabo,Sight,
6,specimen,46.73,-117.18,WA,Whitman,Pullman,2400,2002,6,5,J. & S. Shepard,JHS,
6,specimen,46.73,-117.18,WA,Whitman,Pullman,2400,2001,4,25,Jon H. Shepard,JHS,
6,specimen,46.73,-117.18,WA,Whitman,Pullman,2400,2002,5,31,J. & S. Shepard,JHS,
6,specimen,46.73,-117.18,WA,Whitman,Pullman,2400,1899,8,5,,WSU,second brood specimen
6,specimen,46.73,-117.18,WA,Whitman,"Pullman, E",2400,1983,6,3,R. Sprague,WFBM,
6,specimen,46.73,-117.18,WA,Whitman,Pullman,2400,1901,5,6,,OSAC,
6,specimen,46.73,-117.18,WA,Whitman,Pullman,2400,1898,4,24,,WSU,"Clarke, 1929; Shepard notes"
6,specimen,46.73,-117.18,WA,Whitman,Pullman,2400,1898,4,15,,WSU,"Clarke, 1929; Shepard notes"
6,specimen,46.73,-117.18,WA,Whitman,Pullman,2400,1898,4,25,,WSU,"Clarke, 1929; Shepard notes"
6,specimen,46.73,-117.18,WA,Whitman,Pullman,2400,1898,4,23,,WSU,"Clarke, 1929; Shepard notes"
6,specimen,46.73,-117.18,WA,Whitman,Pullman,2400,1990,4,18,I. White,WFBM,
6,specimen,46.73,-117.18,WA,Whitman,Pullman,2400,1898,5,2,,WSU,"Clarke, 1929; Shepard notes"
6,specimen,46.73,-117.18,WA,Whitman,Pullman,2400,1982,5,24,W. J. Turner,WSU,
6,specimen,46.73,-117.18,WA,Whitman,Pullman,2400,1972,6,2,W. J. Turner,WSU,
6,specimen,46.73,-117.18,WA,Whitman,Pullman,2400,1985,4,8,W. J. Turner,WSU,
6,specimen,46.73,-117.18,WA,Whitman,Pullman,2400,1983,5,25,Alan Mudge,WSU,
6,specimen,46.73,-117.0,ID,Latah,Moscow,2560,1998,5,19,R. S. Zack,WSU,
6,specimen,46.73,-117.0,ID,Latah,Moscow,2560,1954,7,14,,WFBM,
6,specimen,46.73,-117.0,ID,Latah,Moscow,2560,1998,4,27,R. S. Zack,WSU,
6,specimen,46.73,-117.0,ID,Latah,Moscow,2560,1998,5,4,R. S. Zack,WSU,
6,specimen,46.73,-117.0,ID,Latah,Moscow,2560,1998,5,30,R. S. Zack,WSU,
6,specimen,46.73,-117.0,ID,Latah,Moscow,2560,1998,5,7,R. S. Zack,WSU,
6,specimen,46.73,-117.0,ID,Latah,Moscow,2560,1998,5,12,R. S. Zack,WSU,
6,specimen,46.73,-117.0,ID,Latah,Moscow,2560,1951,5,18,W. F. Barr,WFBM,
6,specimen,46.73,-117.0,ID,Latah,Moscow,2560,1998,5,5,R. S. Zack,WSU,
6,specimen,46.73,-117.0,ID,Latah,Moscow,2560,1959,7,23,R. B. Hawkes,WFBM,
6,specimen,46.73,-117.0,ID,Latah,Moscow,2560,1998,5,3,R. S. Zack,WSU,
6,specimen,46.73,-117.0,ID,Latah,Moscow,2560,1998,5,1,R. S. Zack,WSU,
6,specimen,46.73,-117.0,ID,Latah,Moscow,2560,1989,5,19,F. W. Merickel,WFBM,
6,specimen,46.73,-117.0,ID,Latah,Moscow,2560,1961,5,14,W. F. Barr,WFBM,
6,specimen,46.73,-117.0,ID,Latah,Moscow,2560,1998,4,29,R. S. Zack,WSU,
6,specimen,46.73,-117.0,ID,Latah,Moscow,2560,1998,5,11,R. S. Zack,WSU,
6,specimen,46.73,-117.0,ID,Latah,Moscow,2560,1956,7,24,H. C Manis,WFBM,
6,specimen,46.73,-117.0,ID,Latah,Moscow,2560,1961,6,1,Phyliss Stecker,WFBM,
6,specimen,46.73,-117.0,ID,Latah,Moscow,2560,1998,6,3,R. S. Zack,WSU,
6,specimen,46.73,-117.0,ID,Latah,Moscow,2560,1961,7,17,Phyliss Stecker,WFBM,
6,specimen,46.73,-117.0,ID,Latah,Moscow,2560,1989,5,7,J. B. Johnson,WFBM,
6,specimen,46.76,-116.91,ID,Latah,"Moscow, 1.5mE",2695,1980,6,1,J. J. Madenjian,WFBM,
6,specimen,46.79,-121.09,WA,Yakima,Bethel Ridge,6234,2005,7,5,L. & E. Crabo,Sight,
6,specimen,46.81,-116.92,ID,Latah,"Moscow, 6mNE",3360,2002,5,12,M. R. Stage,WFBM,
6,specimen,46.81,-116.92,ID,Latah,"Moscow, 6mNE",3360,1998,4,25,M. R. Stage,WFBM,
6,specimen,46.83,-123.01,WA,Thurston,"WDFW Scatter Creek, S unit",180,1999,4,17,L. G. Crabo,Sight,
6,specimen,46.83,-123.01,WA,Thurston,"WDFW Scatter Creek, S unit",180,1998,5,4,L. G. Crabo,Sight,
6,specimen,46.88,-120.57,WA,Kittitas,Umtanum Cr.; Durr Rd.,2000,2001,5,24,L. & E. Crabo,Sight,
6,specimen,46.9,-122.36,WA,Pierce,Cranberry L.,644,1992,3,11,L. G. Crabo,LGCC,
6,specimen,46.9,-121.42,WA,Yakima,Hwy. 410 @ Morse Cr.,3970,1991,7,12,L. & A. Crabo,Sight,
6,specimen,46.91,-123.05,WA,Thurston,Mima Mounds; DNR,240,1999,4,24,L. G. Crabo,Sight,
6,specimen,46.92,-117.28,WA,Whitman,Clear Cr. Rd. @ Hwy. 272,2427,2000,6,7,R. S. Zack,WSU,
6,specimen,46.92,-122.85,WA,Thurston,"Plumb, TNC; 4.2 mi.N Tenino",246,1991,5,2,L. G. Crabo,Sight,
6,specimen,46.92,-122.85,WA,Thurston,"Plumb, Rocky Prairie TNC",246,1998,4,17,L. G. Crabo,Sight,
6,specimen,46.92,-122.85,WA,Thurston,"Plumb, TNC; 4.2 mi.N Tenino",246,1991,5,2,L. G. Crabo,WSU,
6,specimen,46.93,-117.28,WA,Whitman,Glenwood,2077,2000,6,7,R. S. Zack,WSU,
6,specimen,46.95,-116.67,ID,Latah,White Pine Gulch,2767,1962,5,14,W. F. Barr,WFBM,"Laird, 8mNE"
6,specimen,46.98,-121.08,WA,Kittitas,Milk Cr. Rd. @ H. 410,2690,2004,4,26,P. J. Landolt,WSU,
6,specimen,47.03,-124.16,WA,Grays Harbor,Ocean City S. P.,20,1998,4,17,L. G. Crabo,Sight,
6,specimen,47.04,-122.9,WA,Thurston,Olympia,92,,,,,OSAC,
6,specimen,47.07,-121.06,WA,Kittitas,Quartz Mt.,6234,2007,7,16,L. G. Crabo,Sight,
6,photograph,47.09,-122.95,WA,Thurston,Green Cove,100,2006,6,19,W. M. Yake,,photo ID by J. Shepard
6,specimen,47.13,-120.74,WA,Kittitas,Swauk Cr.; site 1,1790,2008,5,29,P. J. Landolt,WSU,
6,specimen,47.14,-120.74,WA,Kittitas,Swauk Cr.; site 4,1910,2008,6,2,P. J. Landolt,WSU,
6,field notes,47.15,-123.0,WA,Thurston,Totten Inlet,64,2009,6,18,D. Droppers,,
6,specimen,47.16,-120.61,WA,Kittitas,Reecer Cr. @ Johnson Cyn.,2953,1990,5,26,L. G. Crabo,Sight,
6,specimen,47.16,-120.61,WA,Kittitas,Reecer Cr. @ Johnson Cyn.,2953,1991,7,20,L. G. Crabo,Sight,
6,specimen,47.18,-124.1,WA,Grays Harbor,"Carlisle, 0.8mNNW; Ocean Beach Rd.",164,1990,4,15,L. G. Crabo,WSU,
6,specimen,47.27,-120.2,WA,Chelan,Colockum Crk.,624,2012,5,5,M.A. Peterson,MAP,
6,photograph,47.27,-120.2,WA,Chelan,WSU Colockum Unit,2057,2010,5,16,D. Droppers,,MV light trap
6,field notes,47.27,-120.2,WA,Chelan,WSU Colockum Unit,2057,2009,5,15,D. Droppers,,
6,field notes,47.27,-120.2,WA,Chelan,WSU Colockum Unit,2057,2009,7,11,D. Droppers,,
6,field notes,47.27,-120.2,WA,Chelan,WSU Colockum Unit,2057,2012,5,18,D. Droppers,,MV light trap
6,specimen,47.28,-122.2,WA,King,White R. Game Farm,140,1992,4,22,R. L. Crawford,Burke,
6,specimen,47.28,-120.7,WA,Kittitas,Mineral Spr. Resort,2700,1992,4,27,D. A. Rolfs,DAR,
6,specimen,47.28,-120.7,WA,Kittitas,Mineral Spr. Resort,2700,1992,5,4,D. A. Rolfs,DAR,
6,specimen,47.31,-122.9,WA,Mason,"Little Hoquiam, 2mE; Grapeview Loop Rd.",82,1988,4,26,L. G. Crabo,LGCC,
6,specimen,47.35,-121.23,WA,Kittitas,"L Kachess, SW end",2461,1988,6,13,L. G. Crabo,Sight,
6,specimen,47.36,-122.13,WA,King,Big Soos Nat.Res.,345,1992,4,24,R. L. Crawford,Burke,
6,specimen,47.39,-121.46,WA,King,I90 @ Asahel Curtis R. S.,2051,1989,7,18,L. G. Crabo,LGCC,
6,specimen,47.45,-122.91,WA,Mason,"Belfair, 4mW; Elfendahl Pass Rd.",328,1989,5,13,Lars Crabo,WSU,
6,specimen,47.45,-122.91,WA,Mason,"Belfair, 4mW; Elfendahl Pass Rd.",328,1989,5,13,L. G. Crabo,LGCC,
6,specimen,47.45,-121.67,WA,King,"North Bend, 7.5mE; Middle Fork Snoqualmie R.",984,1988,5,11,Lars Crabo,WSU,
6,specimen,47.47,-115.93,ID,Shoshone,Wallace,2728,1914,6,23,O. Huelleman,WFBM,
6,specimen,47.47,-115.93,ID,Shoshone,Wallace,3000,,,,O. Huelleman,WFBM,"em.; May 5, 1915"
6,specimen,47.47,-115.93,ID,Shoshone,Wallace,2744,1915,4,1,O. Huelleman,WFBM,
6,literature,47.47,-115.93,ID,Shoshone,Wallace,2744,1938,5,13,O. Huelleman,,MONA
6,literature,47.47,-115.93,ID,Shoshone,Wallace,2744,1938,6,3,O. Huelleman,,MONA
6,specimen,47.5,-121.79,WA,King,North Bend,442,,,,D. Rhoades,WSU,"em. Ex larva from Alnus rubra; March 16, 1977"
6,specimen,47.5,-119.92,WA,Douglas,Douglas Cr.,1600,2000,7,27,J. & S. Shepard,JHS,
6,specimen,47.5,-119.92,WA,Douglas,Douglas Cr.,1600,2000,5,1,J. & S. Shepard,JHS,
6,specimen,47.51,-116.0,ID,Shoshone,Osburn,2529,1951,5,10,O. Huelleman,WFBM,
6,specimen,47.54,-120.0,WA,Douglas,"Badger Mtn., Upper Titchenal Cyn",2260,1991,4,27,J. P. Pelham,LGCC,
6,specimen,47.57,-122.63,WA,Kitsap,Bremerton,36,1963,6,15,Don Frechin,WSU,
6,specimen,47.58,-120.4,WA,Chelan,Swakane Cyn.,2624,2000,6,3,D. A. Rolfs,DAR,
6,specimen,47.61,-122.33,WA,King,Seattle,164,1989,7,13,L. G. Crabo,WSU,"Laurelhurst, Wolf Bay"
6,specimen,47.61,-122.33,WA,King,Seattle,164,1969,5,3,,OSAC,
6,specimen,47.61,-122.33,WA,King,Seattle,164,,4,17,,OSAC,"Clarke, 1929; Shepard notes"
6,specimen,47.61,-122.6,WA,Kitsap,Illahee,60,1961,6,16,Don Frechin,JHS,
6,specimen,47.61,-120.83,WA,Chelan,Icicle Cr.,1640,1988,5,21,Jon H. Shepard,JHS,
6,specimen,47.61,-122.71,WA,Kitsap,Chico,33,,,,D. Rhoades,WSU,"em. Ex larva from Alnus rubra; April 13, 1983"
6,specimen,47.61,-122.71,WA,Kitsap,Chico,33,,,,D. Rhoades,WSU,"em. Ex larva from Alnus rubra; April 18, 1983"
6,specimen,47.61,-122.6,WA,Kitsap,Illahee,60,1960,3,24,Don Frechin,WSU,
6,specimen,47.61,-122.6,WA,Kitsap,Illahee,60,1962,7,3,Don Frechin,WSU,
6,specimen,47.61,-122.6,WA,Kitsap,Illahee,60,1960,6,6,Don Frechin,WSU,
6,specimen,47.61,-122.6,WA,Kitsap,Illahee,60,1960,6,16,Don Frechin,WSU,
6,specimen,47.61,-122.6,WA,Kitsap,Illahee,60,1962,6,29,Don Frechin,WSU,
6,specimen,47.61,-122.6,WA,Kitsap,Illahee,60,1960,5,15,Don Frechin,WSU,
6,specimen,47.61,-122.6,WA,Kitsap,Illahee,60,1960,5,12,Don Frechin,WSU,
6,specimen,47.61,-122.6,WA,Kitsap,Illahee,60,1961,6,14,Don Frechin,WSU,
6,specimen,47.61,-122.6,WA,Kitsap,Illahee,60,1961,6,15,Don Frechin,WSU,
6,specimen,47.61,-122.6,WA,Kitsap,Illahee,60,1960,6,12,Don Frechin,WSU,
6,specimen,47.61,-122.6,WA,Kitsap,Illahee,60,1961,6,16,Don Frechin,WSU,
6,specimen,47.61,-122.6,WA,Kitsap,Illahee,60,1961,5,17,Don Frechin,WSU,
6,specimen,47.61,-120.83,WA,Chelan,Icicle Cr.,1640,1981,5,10,D. Rhoades,WSU,
6,specimen,47.64,-120.14,WA,Douglas,Pine Cyn.,2600,2006,4,28,L. G. Crabo,Sight,
6,specimen,47.65,-117.09,WA,Spokane,Liberty Lake,2049,1957,6,4,C. S. Crawford,WSU,
6,specimen,47.66,-119.62,WA,Douglas,"Jameson L., SW end",1790,2006,4,28,L. G. Crabo,Sight,
6,specimen,47.68,-117.28,WA,Spokane,Millwood,1980,1957,5,31,C. S. Crawford,WSU,
6,specimen,47.69,-117.01,ID,Kootenai,"Pleasant View,nr.",2200,1958,5,13,C. S. Crawford,WSU,
6,specimen,47.69,-117.01,ID,Kootenai,"Pleasant View,nr.",2200,1958,5,11,C. S. Crawford,WSU,
6,specimen,47.69,-117.01,ID,Kootenai,"Pleasant View,nr.",2200,1958,5,18,C. S. Crawford,WSU,
6,specimen,47.7,-116.79,ID,Kootenai,Coeur d' Alene,2129,1962,5,14,R. E. Stecker,WFBM,
6,specimen,47.76,-120.66,WA,Chelan,Plain,1800,1986,5,17,Jon H. Shepard,JHS,
6,specimen,47.77,-120.97,WA,Chelan,Stevens Pass Hwy.,2657,1992,5,31,D. A. Rolfs,DAR,
6,specimen,47.9,-121.39,WA,Snohomish,Troublesome Cr.,1640,1991,6,28,L. G. Crabo,Sight,
6,specimen,47.9,-118.5,WA,Ferry,L. Roosevelt; S of Jim Mt.,2175,2004,6,24,E. & L. Crabo,Sight,
6,specimen,47.91,-118.31,WA,Lincoln,Fort Spokane,1312,1989,5,26,J. & S. Shepard,JHS,
6,photograph,47.92,-124.56,WA,Clallam,Mora,65,2008,6,19,I.-S. Chavez,,https://www.flickr.com/photos/salpicado/2595069701/in/photostream/
6,photograph,47.92,-124.56,WA,Clallam,Mora,65,2009,5,18,I.-S. Chavez,,https://www.flickr.com/photos/salpicado/3542960830/in/photostream/
6,specimen,47.94,-120.92,WA,Chelan,"White River, Napeequa Crossing CG",2020,2014,5,29,L. & E. Crabo,LGCC,
6,specimen,47.98,-118.55,WA,Ferry,Brody Cr.,2030,2006,4,27,L. G. Crabo,LGCC,
6,specimen,48.02,-123.59,WA,Clallam,"Olympic NP, Elwha Ranger station",379,2012,7,9,DL Strenge,WSU,Strenge ID; OLYM 39340
6,specimen,48.02,-123.59,WA,Clallam,"Elwha R, Ranger Stn",381,2013,6,11,D. L. Strenge,WSU,det D L Strenge
6,specimen,48.05,-119.9,WA,Okanogan,Pateros,776,1937,8,20,Andrew Anderson,WSU,second brood specimen
6,specimen,48.07,-122.79,WA,Jefferson,Fort Townsend SP,50,1971,6,14,,WSU,
6,specimen,48.07,-123.58,WA,Clallam,"Aldwell L, bar nr boat ramp",203,2013,6,10,D. L. Strenge,WSU,det Crabo
6,specimen,48.08,-121.52,WA,Snohomish,"Silveton, ~2.5mi NE, Beaver Ck",2000,,,,H. K. Loechelt,HKL,"reared ex Alnus rubra; ; Field Notes: HKL:71590; April 30, 1991"
6,specimen,48.1,-120.05,WA,Okanogan,Black Cyn.,1640,1988,6,16,L. G. Crabo,LGCC,
6,specimen,48.12,-120.21,WA,Okanogan,Gold Crk.,1255,2007,6,27,"M.A. Peterson, C.K. Yoon, E.M & E.M. Peterson-Yoon",MAP,
6,specimen,48.18,-116.91,ID,Bonner,P[riest]. R[iver].,2077,1937,4,30,C. W. Herr,OSAC,
6,specimen,48.18,-116.91,ID,Bonner,P[riest]. R[iver].,2077,1937,5,27,C. W. Herr,OSAC,
6,specimen,48.26,-117.56,WA,Stevens,Chewelah Mt.,4400,2004,6,22,L. & E. Crabo,Sight,
6,specimen,48.32,-123.54,BC,Capital,Rocky Point CDN,0,1995,4,29,Jon H. Shepard,RBCM,
6,specimen,48.32,-123.54,BC,Capital,Rocky Point CDN,0,1995,4,29,Jon H. Shepard,JHS,
6,specimen,48.32,-122.16,WA,Skagit,"3.5 mi. S of Big Lake, Cavanaugh Rd.",550,1994,5,21,L. G. Crabo,Sight,
6,specimen,48.38,-122.66,WA,Island,"Deception Pass SP, South Beach",20,1995,6,5,L. G. Crabo,LGCC,
6,specimen,48.38,-122.66,WA,Island,"Deception Pass SP, South Beach",20,1996,4,8,L. G. Crabo,Sight,
6,specimen,48.43,-116.49,ID,Bonner,"Sandpoint, 10mN",2145,1990,6,14,R. Sawby,WFBM,
6,specimen,48.43,-123.38,BC,Capital,Victoria,36,1903,5,11,,RBCM,
6,specimen,48.43,-123.38,BC,Capital,Victoria,36,1904,4,11,,RBCM,
6,specimen,48.43,-123.38,BC,Capital,Victoria,36,1904,4,14,,RBCM,
6,specimen,48.43,-123.38,BC,Capital,Victoria,36,1904,5,11,,RBCM,
6,specimen,48.45,-119.08,WA,Okanogan,Moses Mdws.,3445,1988,6,14,L. G. Crabo,Sight,
6,specimen,48.46,-122.62,WA,Skagit,"Sugarloaf, S slope; Anacortes",1969,1995,3,30,L. G. Crabo,Sight,
6,specimen,48.47,-123.35,BC,Capital,Braefoot,124,1949,4,19,G. A. Hardy,RBCM,
6,specimen,48.47,-123.35,BC,Capital,Braefoot,124,1949,5,18,G. A. Hardy,RBCM,
6,specimen,48.47,-123.35,BC,Capital,Braefoot,124,1953,4,20,G. A. Hardy,RBCM,
6,specimen,48.47,-123.35,BC,Capital,Braefoot,124,1953,5,13,G. A. Hardy,RBCM,
6,specimen,48.47,-123.35,BC,Capital,Braefoot,124,1953,5,14,G. A. Hardy,RBCM,
6,specimen,48.47,-123.35,BC,Capital,Braefoot,124,1954,5,18,G. A. Hardy,RBCM,
6,specimen,48.48,-120.19,WA,Okanogan,Winthrop,1769,1997,6,1,J. Chatterson,WWUC,
6,specimen,48.49,-121.61,WA,Skagit,Rockport State Park,600,2009,6,26,M.R. Fisher,literature,"M.R. Fisher, M.S. Thesis, Western Washington University, 2010"
6,photograph,48.49,-120.16,WA,Okanogan,Lake Pearrygin State Park,1931,2010,6,12,D. Droppers,,3 individuals in fresh condition to MV light trap at 2200.
6,specimen,48.5,-123.39,BC,Capital,Royal Oak,171,1955,5,9,G. A. Hardy,RBCM,
6,specimen,48.5,-123.39,BC,Capital,Royal Oak,171,1955,5,10,G. A. Hardy,RBCM,
6,specimen,48.5,-123.39,BC,Capital,Royal Oak,171,1957,5,19,G. A. Hardy,RBCM,
6,specimen,48.51,-121.61,WA,Skagit,Rockport SP,328,1971,6,16,W. J. Turner,WSU,
6,specimen,48.52,-118.74,WA,Ferry,10 Mile CG,1800,2010,6,21,J. & S. Shepard,JHS,
6,specimen,48.52,-118.74,WA,Ferry,10 Mile CG,1800,2010,6,20,J. & S. Shepard,JHS,
6,specimen,48.52,-118.74,WA,Ferry,10 Mile CG,1800,2010,6,22,J. & S. Shepard,JHS,
6,specimen,48.52,-124.4,BC,Capital,Providence Cove,0,,,,FIS,WFBM,"em ex apple;  April 8, 1953"
6,specimen,48.52,-123.42,BC,Capital,Obsevatory Hill,681,1957,5,23,G. A. Hardy,RBCM,
6,specimen,48.54,-117.58,WA,Stevens,Flodelle Cr. CG,3100,2012,6,21,J. & S. Shepard,JHS,
6,specimen,48.55,-118.23,WA,Ferry,Bangs Mt.,3565,2010,7,10,J. & S. Shepard,JHS,
6,specimen,48.56,-123.08,WA,San Juan,"Friday Harbor, 3.2mi WNW",262,2003,5,29,R. or C. O'Clair,O'Clair Coll,
6,specimen,48.56,-123.08,WA,San Juan,"Friday Harbor, 3.2mi WNW",262,2003,6,8,R. or C. O'Clair,O'Clair Coll,
6,specimen,48.56,-123.08,WA,San Juan,"Friday Harbor, 3.2mi WNW",262,2004,4,19,R. or C. O'Clair,O'Clair Coll,
6,specimen,48.56,-123.08,WA,San Juan,"Friday Harbor, 3.2mi WNW",262,2004,5,6,R. or C. O'Clair,O'Clair Coll,
6,specimen,48.56,-123.08,WA,San Juan,"Friday Harbor, 3.2mi WNW",262,2005,4,27,R. or C. O'Clair,O'Clair Coll,
6,specimen,48.56,-123.08,WA,San Juan,"Friday Harbor, 3.2mi WNW",262,2005,5,17,R. or C. O'Clair,O'Clair Coll,
6,specimen,48.56,-123.08,WA,San Juan,"Friday Harbor, 3.2mi WNW",262,2005,5,26,R. or C. O'Clair,O'Clair Coll,
6,specimen,48.56,-123.08,WA,San Juan,"Friday Harbor, 3.2mi WNW",262,2006,5,10,R. or C. O'Clair,O'Clair Coll,
6,specimen,48.56,-123.08,WA,San Juan,"Friday Harbor, 2.5mWNW",230,2003,5,29,Rita O'Clair,WSU,
6,specimen,48.56,-123.08,WA,San Juan,"Friday Harbor, 2.5mWNW",230,2004,5,6,Rita O'Clair,WSU,
6,specimen,48.58,-118.24,WA,Ferry,Canyon Cr. CG,2182,2013,5,7,J. & S. Shepard,JHS,
6,specimen,48.59,-120.4,WA,Okanogan,Mazama,2106,1961,6,16,Jon Shepard,OSAC,
6,specimen,48.62,-121.74,WA,Skagit,Bear Cr. @ L Shannon,980,1995,6,13,L. & A. Crabo,LGCC,
6,specimen,48.63,-122.39,WA,Skagit,Blanchard Hill,1184,2009,6,22,M.R. Fisher,literature,"M.R. Fisher, M.S. Thesis, Western Washington University, 2010"
6,specimen,48.65,-122.98,WA,San Juan,"Turtleback Mt., SW slope",320,1997,5,11,L. G. Crabo,Sight,
6,specimen,48.65,-122.76,WA,San Juan,"Doe Bay, 0.8 mi NE",1500,1997,5,11,L. G. Crabo,Sight,
6,specimen,48.65,-120.51,WA,Okanogan,"Lost R., Harts Pass",2349,1968,7,5,C. W. Nelson,OSAC,
6,specimen,48.65,-120.51,WA,Okanogan,Mazama; Lost R.,2380,1998,6,13,L. G. Crabo,Sight,
6,specimen,48.66,-123.56,BC,Cowichan Valley,Shawnigan Dist.,53,1931,4,22,J. R. Jones,RBCM,
6,specimen,48.66,-123.56,BC,Cowichan Valley,Shawnigan Dist.,53,1931,4,27,J. R. Jones,RBCM,
6,specimen,48.66,-123.56,BC,Cowichan Valley,Shawnigan Dist.,53,1931,5,14,J. R. Jones,RBCM,
6,specimen,48.66,-123.56,BC,Cowichan Valley,Shawnigan Dist.,53,1931,5,27,J. R. Jones,RBCM,
6,specimen,48.66,-123.56,BC,Cowichan Valley,Shawnigan Dist.,53,1931,5,30,J. R. Jones,RBCM,
6,specimen,48.66,-123.56,BC,Cowichan Valley,Shawnigan Dist.,53,1932,4,27,J. R. Jones,RBCM,
6,specimen,48.66,-123.56,BC,Cowichan Valley,Shawnigan Dist.,53,1934,3,16,J. R. Jones,RBCM,
6,specimen,48.66,-123.56,BC,Cowichan Valley,Shawnigan Dist.,53,1934,6,8,J. R. Jones,RBCM,
6,specimen,48.66,-123.56,BC,Cowichan Valley,Shawnigan Dist.,53,1935,5,26,J. R. Jones,RBCM,
6,specimen,48.66,-123.56,BC,Cowichan Valley,Shawnigan Dist.,53,1935,5,29,J. R. Jones,RBCM,
6,specimen,48.67,-122.48,WA,Whatcom,Chuckanut,192,1942,7,,,WWUC,
6,specimen,48.67,-122.48,WA,Whatcom,Chuckanut,192,1941,7,,,WWUC,
6,specimen,48.67,-117.18,WA,Pend Oreille,Monumental Mt.,5700,2004,6,23,L. & E. Crabo,LGCC,
6,specimen,48.67,-121.26,WA,Whatcom,"Newhalem, State Highway Facility",500,2014,7,21,D. Strenge,WSU,det. D. Strenge
6,specimen,48.69,-117.17,WA,Pend Oreille,"Bunchgrass Mdws, above",5000,1992,6,24,Pelham/Crawford,Sight,
6,specimen,48.69,-117.17,WA,Pend Oreille,"Bunchgrass Mdws, above",5000,1992,6,24,Pelham/Crawford,Sight,
6,specimen,48.7,-122.34,WA,Whatcom,Lookout Mtn,1515,2009,6,23,M.R. Fisher,literature,"M.R. Fisher, M.S. Thesis, Western Washington University, 2010"
6,specimen,48.7,-122.49,WA,Whatcom,"Chuckanut Drive, N end",7,1993,5,16,L. G. Crabo,Sight,
6,specimen,48.7,-122.49,WA,Whatcom,"Chuckanut Drive, N end",7,1993,5,16,L. Crabo,WSU,
6,specimen,48.71,-119.91,WA,Okanogan,S Fork Twentymile Cr.,6160,1988,6,15,Lars Crabo,WSU,
6,field notes,48.71,-122.5,WA,Whatcom,Bellingham,120,2011,6,20,D. Droppers,,incandescent bulb
6,specimen,48.72,-121.13,WA,Whatcom,"Diablo Dam, N end",1200,2006,5,16,L. G. Crabo,Sight,
6,specimen,48.72,-122.49,WA,Whatcom,"Bellingham, S.",118,2001,5,31,Alexandra Lane,WWUC,
6,specimen,48.72,-119.94,WA,Okanogan,S. Fk. Twentymile Cr.,6102,1988,6,15,L. G. Crabo,LGCC,
6,specimen,48.72,-117.34,WA,Pend Oreille,Dry Cyn. Rd. 1933,2874,2012,6,22,J. & S. Shepard,JHS,
6,specimen,48.74,-120.69,WA,Okanogan,Slate Pk.,7218,1988,7,8,L. G. Crabo,LGCC,
6,specimen,48.75,-122.14,WA,Whatcom,Van Zandt Dike,1706,2009,6,28,M.R. Fisher,literature,"M.R. Fisher, M.S. Thesis, Western Washington University, 2010"
6,specimen,48.77,-122.14,WA,Whatcom,Van Zandt Dike,1893,2009,6,28,M.R. Fisher,literature,"M.R. Fisher, M.S. Thesis, Western Washington University, 2010"
6,specimen,48.77,-122.15,WA,Whatcom,Van Zandt Dike,1981,2009,6,27,M.R. Fisher,WWUC,
6,specimen,48.78,-122.14,WA,Whatcom,Van Zandt Dike,2034,2009,8,23,M.R. Fisher,literature,"M.R. Fisher, M.S. Thesis, Western Washington University, 2010"
6,specimen,48.78,-123.7,BC,Cowichan Valley,Duncan,53,1926,4,10,A. W. Hanham,RBCM,
6,specimen,48.8,-123.67,BC,Comox Valley,Quamichan L.,86,1921,5,30,,RBCM,
6,specimen,48.82,-122.15,WA,Whatcom,Van Zandt Dike,964,2009,6,29,M.R. Fisher,literature,"M.R. Fisher, M.S. Thesis, Western Washington University, 2010"
6,specimen,48.82,-122.14,WA,Whatcom,Van Zandt Dike,741,2009,6,29,M.R. Fisher,literature,"M.R. Fisher, M.S. Thesis, Western Washington University, 2010"
6,specimen,48.82,-123.61,BC,Cowichan Valley,Maple Bay,140,1932,3,21,A. W. Hanham,RBCM,
6,specimen,48.85,-123.5,BC,Capital,Ganges,49,,,,FIS,WFBM,"em ex hawthron; March 17, 1952"
6,specimen,48.85,-120.48,WA,Kittitas,Umtanum Cr. Mouth,1476,1989,7,28,L. G. Crabo,WSU,second brood specimen
6,specimen,48.87,-123.36,BC,Capital,Montague Harbor,751,1995,5,14,Jon H. Shepard,JHS,
6,specimen,48.91,-118.14,WA,Stevens,Pierre L. CG,2650,2012,6,20,J. & S. Shepard,JHS,
6,specimen,48.93,-118.61,WA,Ferry,Alkali Cr.,3100,2010,6,29,J. & S. Shepard,JHS,
6,specimen,48.93,-118.61,WA,Ferry,Alkali Cr.,3100,2014,5,27,J. & S. Shepard,JHS,
6,specimen,48.93,-118.61,WA,Ferry,Alkali Cr.,3100,2010,6,30,J. & S. Shepard,JHS,
6,specimen,48.95,-121.93,WA,Whatcom,Canyon Crk. & USFS Rd. 31,655,2005,5,21,M.A. Peterson,MAP,
6,photograph,49.02,-118.34,BC,Kootenay Boundary,"Grand Forks, E on Gilpin FS Rd",1919,2008,6,30,V. M. Aurelian,,https://bugguide.net/node/view/201174
6,specimen,49.03,-123.75,BC,Cowichan Valley,Yellowpoint Rd.,0,1995,5,2,Jon H. Shepard,JHS,
6,specimen,49.03,-119.45,BC,Okanagan-Similkameen,Osoyoos,909,1970,5,,R. H. Carcasson,RBCM,
6,specimen,49.03,-119.62,BC,Okanagan-Similkameen,Swartz Cr. @ Mt. Kobau Rd.,3608,1991,7,11,Blades/Maier,RBCM,
6,specimen,49.07,-121.97,BC,Fraser Valley,Cultus L.,197,1990,7,7,J. & S. Shepard,RBCM,
6,specimen,49.07,-121.97,BC,Fraser Valley,Cultus L.,197,1994,5,18,J. & S. Shepard,RBCM,
6,specimen,49.07,-120.78,BC,Okanagan-Similkameen,Manning Park,4211,1974,6,,R. H. Carcasson,RBCM,
6,specimen,49.07,-121.97,BC,Fraser Valley,Cultus L.,208,1994,5,18,J. & S. Shepard,JHS,
6,specimen,49.1,-117.74,BC,Kootenay Boundary,Warfield,1900,,,,H. R. Foxlee,UBC,"Foxlee, 1945"
6,specimen,49.1,-116.45,BC,Central Kootenay,Erickson,2650,1983,6,17,D. W. Knight,JHS,
6,specimen,49.1,-116.45,BC,Central Kootenay,Erickson,2650,1980,4,30,D. W. Knight,JHS,
6,specimen,49.1,-116.45,BC,Central Kootenay,Erickson,2650,1981,5,5,D. W. Knight,JHS,
6,specimen,49.1,-116.45,BC,Central Kootenay,Erickson,2650,1985,5,22,D. W. Knight,JHS,
6,specimen,49.1,-116.45,BC,Central Kootenay,Erickson,2650,1981,4,27,D. W. Knight,JHS,
6,specimen,49.1,-116.45,BC,Central Kootenay,Erickson,2650,1983,5,5,D. W. Knight,JHS,
6,specimen,49.1,-116.45,BC,Central Kootenay,Erickson,2650,1982,4,27,D. W. Knight,JHS,
6,specimen,49.1,-116.45,BC,Central Kootenay,Erickson,2650,1984,5,12,D. W. Knight,JHS,
6,specimen,49.1,-116.45,BC,Central Kootenay,Erickson,2650,1981,3,30,D. W. Knight,JHS,
6,specimen,49.12,-119.67,BC,Okanagan-Similkameen,Mt. Kobau,5299,1991,7,11,D. Blades,RBCM,
6,specimen,49.19,-120.02,BC,Okanagan-Similkameen,Ashnola R.,3996,1990,7,9,J. & S. Shepard,JHS,5 m above mouth
6,specimen,49.2,-119.99,BC,Okanagan-Similkameen,Ashnola R valley,1650,2024,5,15,LG Crabo/D Holden,LGCC,
6,specimen,49.2,-124.03,BC,Nanaimo,Wellington,254,1950,5,27,Richard Guppy,USNM,MONA
6,specimen,49.2,-124.03,BC,Nanaimo,Wellington,254,1961,5,21,R. Guppy,RBCM,
6,specimen,49.22,-122.99,BC,Greater Vancouver,Jubilee,449,1931,,,,RBCM,
6,specimen,49.28,-124.12,BC,Nanaimo,Nanoose CDN,0,1995,5,25,Jon H. Shepard,JHS,
6,photograph,49.29,-124.79,BC,Alberni-Clayoquot,Port Alberni,328,2009,5,1,L. or R. Avis,L. Avis photo,"Photographer: R. or L. Avis; Species ID: L. Avis, EF"
6,photograph,49.29,-124.79,BC,Alberni-Clayoquot,Port Alberni,328,2009,5,28,L. or R. Avis,L. Avis photo,Photographer: R. or L. Avis; Species ID:
6,specimen,49.32,-123.07,BC,Greater Vancouver,North Vancouver,333,1967,5,4,C. S. Guppy,JHS,
6,specimen,49.32,-117.65,BC,Central Kootenay,Brilliant,1550,,,,H. R. Foxlee,UBC,"Foxlee, 1945"
6,photograph,49.34,-119.81,BC,Okanagan-Similkameen,"Green Mt Rd, 4.2km NE of Hwy 3A",2335,2008,5,15,V. M. Aurelian,,https://bugguide.net/node/view/185991
6,specimen,49.38,-119.56,BC,Okanagan-Similkameen,McLean Cr.,1286,1975,5,29,A. P. Mackie,RBCM,
6,specimen,49.5,-119.58,BC,Okanagan-Similkameen,Penticton,1293,1975,5,15,A. P. Mackie,RBCM,
6,specimen,49.5,-119.08,BC,Kootenay Boundary,Hall Cr. Rest Area,3987,1989,6,9,J. & S. Shepard,JHS,
6,specimen,49.5,-117.28,BC,Central Kootenay,Nelson,1774,1967,4,11,Jon Shepard,RBCM,
6,specimen,49.5,-117.28,BC,Central Kootenay,Nelson,1774,1967,5,9,J. Shepard,JHS,
6,specimen,49.5,-117.28,BC,Central Kootenay,Nelson,1774,1967,5,7,J. Shepard,JHS,
6,specimen,49.52,-114.65,BC,East Kootenay,"Michael Cr., 2mS Corbin",5703,1990,7,17,J. & S. Shepard,JHS,2mS Corbin
6,specimen,49.53,-124.72,BC,Comox Valley,Phipps Pt.,0,1995,4,27,Jon H. Shepard,JHS,Hornby Is.
6,specimen,49.53,-117.42,BC,Central Kootenay,Sproule Cr.,2400,1990,4,15,J. Shepard,JHS,
6,specimen,49.53,-117.42,BC,Central Kootenay,Sproule Cr.,2400,2009,5,13,J. & S. Shepard,JHS,
6,specimen,49.53,-117.42,BC,Central Kootenay,Sproule Cr.,2400,2009,5,2,J. & S. Shepard,JHS,
6,specimen,49.53,-117.42,BC,Central Kootenay,Sproule Cr.,2400,2006,5,24,J. & S. Shepard,JHS,
6,specimen,49.53,-117.42,BC,Central Kootenay,Sproule Cr.,2400,2006,4,27,J. & S. Shepard,JHS,
6,specimen,49.53,-117.42,BC,Central Kootenay,Sproule Cr.,2400,2006,5,19,J. & S. Shepard,JHS,
6,specimen,49.53,-117.42,BC,Central Kootenay,Sproule Cr.,2400,1985,5,6,J. Shepard,JHS,
6,specimen,49.53,-117.42,BC,Central Kootenay,Sproule Cr.,2837,1990,6,23,L. G. Crabo,LGCC,
6,specimen,49.53,-117.42,BC,Central Kootenay,Sproule Cr.,2400,1998,4,29,J. & S. Shepard,WSU,
6,specimen,49.53,-117.42,BC,Central Kootenay,Sproule Cr.,2400,1998,4,30,J. & S. Shepard,WSU,
6,specimen,49.53,-117.42,BC,Central Kootenay,Sproule Cr.,2400,1998,4,27,J. & S. Shepard,WSU,
6,specimen,49.53,-117.42,BC,Central Kootenay,Sproule Cr.,2400,1998,4,23,J. & S. Shepard,WSU,
6,specimen,49.53,-117.42,BC,Central Kootenay,Sproule Cr.,2400,1985,5,6,Jon Shepard,RBCM,
6,specimen,49.53,-117.42,BC,Central Kootenay,Sproule Cr.,2400,1988,5,8,Jon Shepard,RBCM,
6,specimen,49.53,-117.42,BC,Central Kootenay,Sproule Cr.,2400,2012,4,28,J. & S. Shepard,JHS,
6,specimen,49.53,-117.42,BC,Central Kootenay,Sproule Cr.,2400,2012,5,28,J. & S. Shepard,JHS,
6,specimen,49.53,-117.42,BC,Central Kootenay,Sproule Cr.,2400,2013,4,26,J. & S. Shepard,JHS,
6,specimen,49.53,-117.42,BC,Central Kootenay,Sproule Cr.,2400,2013,4,29,J. & S. Shepard,JHS,
6,specimen,49.53,-117.42,BC,Central Kootenay,Sproule Cr.,2400,2013,5,3,J. & S. Shepard,JHS,
6,specimen,49.6,-115.87,BC,East Kootenay,Wycliffe,2800,2001,4,28,W. D. Nicholson,WDN,3 Bars Guest Ranch
6,photograph,49.63,-121.02,BC,Fraser Valley,Coquihalla Hwy Toll Booth,3750,2015,5,22,R. or L. Avis,L. Avis photos,det. Avis
6,specimen,49.88,-119.48,BC,Central Okanagan,Kelowna,1140,1969,5,,M. J. Hale,RBCM,
6,photograph,50.09,-123.0,BC,Squamish-Lillooet,Whistler,645,2010,7,24,L. or R. Avis,L. Avis photo,Photographer: R. or L. Avis; Species ID: L. Avis
6,photograph,50.09,-122.99,BC,Squamish-Lillooet,Whistler - Creekside,2130,2015,6,27,L. or R. Avis,L. Avis,det. Avis
6,specimen,50.17,-115.85,BC,East Kootenay,Columbia L. Reststop,3000,2000,5,6,W. D. Nicholson,WDN,
6,specimen,50.3,-122.33,BC,Squamish-Lillooet,Duffy L.,6500,1988,7,20,C. S. Guppy,RBCM,
6,specimen,50.4,-118.92,BC,North Okanagan,Trinity VA[lley].,2399,1959,8,29,,CNC,MONA
6,specimen,50.5,-119.83,BC,Thompson-Nicola,Monte L.,2426,1988,6,19,Jon H. Shepard,JHS,
6,specimen,50.53,-121.71,BC,Thompson-Nicola,Kirby Flat Rd.,3000,1999,7,11,L. G. Crabo,Sight,
6,specimen,50.67,-120.32,BC,Thompson-Nicola,Kamloops,1336,1955,8,8,,CNC,MONA
6,specimen,50.7,-119.22,BC,Columbia-Shuswap,South Canoe,1622,,4,20,W. R. Buckell,UBC,"Buckell, 1947"
6,specimen,50.7,-119.22,BC,Columbia-Shuswap,South Canoe,1622,,5,2,W. R. Buckell,UBC,"Buckell, 1947"
6,specimen,50.75,-121.93,BC,Squamish-Lillooet,Bridge River,747,1934,7,9,J. R. Jones,RBCM,
6,specimen,50.88,-121.4,BC,Thompson-Nicola,Carquile; Hat Creek,1656,1989,5,20,C. S. Guppy,RBCM,
6,specimen,51.33,-121.42,BC,Thompson-Nicola,"70 Mile House, 3.4 km NNW",3570,2022,7,29,LG Crabo/T Keskey,LGCC,
6,photograph,51.46,-121.35,BC,Cariboo,83 Mile Creek Rd,3675,2016,6,13,L. or R. Avis,L. Avis,det. Avis
6,specimen,51.52,-120.19,BC,Thompson-Nicola,Little Fort 10-12 km N (51.512-.529 -120.174-194) 496-727 m),1640,2019,5,28,L. Crabo/D. Holden,LGCC,
6,photograph,51.53,-120.95,BC,Cariboo,Sheridan L,3700,2020,5,28,D. Holden,,https://www.inaturalist.org/observations/47673453
6,photograph,51.53,-120.95,BC,Cariboo,Sheridan L,3700,2022,7,8,D. Holden,,https://www.inaturalist.org/observations/126877541
6,specimen,51.53,-120.95,BC,Cariboo,"Sheridan L., NW side",3675,2024,5,12,L. Crabo/D. Holden,LGCC,
6,specimen,51.62,-124.15,BC,Cariboo,"Chilko L, N end",3864,2022,7,31,LG Crabo/CA Coughlina,LGCC,
6,specimen,51.65,-120.03,BC,Thompson-Nicola,Clearwater,1511,1989,,,Helen Knight,HK,
6,specimen,51.65,-120.03,BC,Thompson-Nicola,Clearwater,1511,1989,4,19,Hettie Miller,RBCM,
6,specimen,51.65,-120.03,BC,Thompson-Nicola,Clearwater,1511,1989,5,6,Hettie Miller,RBCM,
6,specimen,51.65,-120.03,BC,Thompson-Nicola,Clearwater,1511,1989,5,10,Hettie Miller,RBCM,
6,photograph,51.66,-124.39,BC,Cariboo,Tatlayoko Lake,2874,2011,7,17,L. or R. Avis,L. Avis photo,Photographer: R. or L. Avis; Species ID: L. Avis
6,specimen,51.74,-121.33,BC,Cariboo,100 Mile House,3114,1988,5,5,Hettie Miller,RBCM,
6,specimen,51.91,-124.95,BC,Cariboo,"Rd to Perkins Pk, bog",,2010,7,30,L. G. Crabo,LGCC,
6,specimen,51.91,-122.53,BC,Cariboo,Farewell Canyon Rd.,3150,1997,5,19,A. I. Fischer,JHS,
6,specimen,51.93,-122.34,BC,Cariboo,Doc English Gulch,2850,1997,5,18,A. I. Fischer,JHS,
6,specimen,51.99,-122.54,BC,Cariboo,Stack Valley Rd.,3350,1997,5,19,A. I. Fischer,JHS,
7,specimen,48.4,-122.7,WA,Island,Deception Pass SP South Beach,20,1995,5,19,L. G. Crabo,LGCC,
7,specimen,47.61,-122.6,WA,Kitsap,Illahee,60,1959,7,24,Don Frechin,WSU,
7,specimen,47.61,-122.33,WA,King,Seattle,50,1962,6,4,D. V. McCorkle,DVM,
7,specimen,47.5,-121.63,WA,King,North Bend 7.5 mi E Middle Fk. Snoqualmie R.,984,1988,7,19,L. G. Crabo,LGCC,
7,specimen,47.39,-121.46,WA,King,I90 @ Asahel Curtis R.S.,2051,1989,7,18,L. G. Crabo,LGCC,
7,specimen,47.34,-120.59,WA,Chelan,Blewett Pass 1 km NW,4255,2021,7,14,LG Crabo/CA Coughlin,LGCC,
7,specimen,47.01,-123.22,WA,Mason,L. Cushman N of,2789,1987,7,18,L. G. Crabo,LGCC,
7,specimen,46.87,-121.51,WA,Yakima,Chinook Pass,5577,1990,8,14,L. G. & A. Crabo,WSU,
7,specimen,46.6,-124.04,WA,Pacific,Leadbetter Point North Beach Penn.,16,1990,6,29,L. G. Crabo,Sight,
7,specimen,46.55,-122.53,WA,Lewis,Ike Kinswa State Park,435,1986,8,2,H. K. Loechelt,,
7,photograph,45.81,-121.94,WA,Skamania,Whistle Punk Trailhead,1160,2005,7,31,J. Davis,,
7,photograph,45.7,-121.89,WA,Skamania,Stevenson,400,2007,6,12,J. Davis,,
7,specimen,45.99,-123.92,OR,Clatsop,Seaside,50,1923,6,25,S. E. Keen,OSAC,
7,specimen,45.52,-123.11,OR,Washington,Forest Grove,211,1922,8,5,S. E. Keen,OSAC,
7,specimen,45.35,-122.68,OR,Clackamas,Oregon City 4mW,400,1985,5,20,S. Jewett Jr.,OSAC,
7,specimen,44.6,-124.06,OR,Lincoln,South Beach S.P.,39,1991,7,31,L. G. Crabo,LGCC,
7,specimen,44.59,-123.4,OR,Benton,Blakesley Cr.,984,2000,6,4,A. V. Z. Brower,OSAC,
7,specimen,44.22,-122.23,OR,Lane,H. J. Andrews Exp. For.,2500,1977,8,1,D. Voegtlin,OSAC,
7,specimen,44.39,-122.49,OR,Linn,Cascadia,856,2013,5,8,J. & S. Shepard,JHS,
7,specimen,43.66,-124.2,OR,Douglas,Umpqua LH SP,100,2000,6,26,J. & S. Shepard,JHS,
7,specimen,43.02,-124.01,OR,Coos,Bridge,154,1954,7,28,V. D. Roth,ODAC,
7,specimen,42.11,-124.19,OR,Curry,Loeb SP,65,1992,5,19,J. & S. Shepard,JHS,
7,specimen,47.47,-115.93,ID,Shoshone,Wallace,2744,1944,7,27,O. Huelleman,WFBM,
7,specimen,45.43,-113.83,ID,Lemhi,4th of July Cr,6315,2020,7,12,LG Crabo/CA Coughlin,LGCC,
7,specimen,43.73,-111.46,ID,Madison,Canyon Cr @ FR #328,6281,1998,7,18,C. E. Harp,CH,
7,specimen,42.52,-111.26,ID,Bear Lake,Georgetown Cyn,,2016,7,4,Crabo/Morrell,LGCC,
7,specimen,45.66,-110.56,MT,Park,Livingston,4501,1970,6,7,R. H. Carcasson,RBCM,
8,specimen,48.8,-122.5,WA,Whatcom,Bellingham,44,1993,5,26,LG Crabo,LGCC,
8,specimen,47.61,-122.33,WA,King,Seattle,177,1934,6,8,,OSAC,
8,specimen,46.73,-117,ID,Latah,Moscow,2560,1959,6,11,,WFBM,
8,specimen,45.52,-122.67,OR,Multnomah,Portland,50,1968,5,,,OSAC,
8,specimen,44.56,-123.26,OR,Benton,Corvallis,225,1979,5,29,G. L. Parsons,OSAC,
9,specimen,43.12,-123.41,OR,Douglas,Winston,554,1952,7,7,Taylor/Davis,ODAC,
9,specimen,43.32,-123.34,OR,Douglas,Wilbur 1mE North Bank Rd.,800,1997,6,1,D. N. Ross,OSAC,
9,specimen,43.32,-123.34,OR,Douglas,Wilbur 1mE North Bank Rd.,800,1997,6,14,D. N. Ross,OSAC,
9,specimen,43.48,-123.33,OR,Douglas,Sutherlin Cabin Cr. Reststop,518,1974,7,11,S. G. Jewett Jr.,OSAC,
9,specimen,43.97,-122.93,OR,Lane,Pleasant Hill,653,1960,6,22,Harold Foster,ODAC,
9,specimen,44.15,-121.33,OR,Deschutes,Tumalo Yellow Bar,3181,1963,6,20,Unknown,OSAC,
9,specimen,44.22,-122.23,OR,Lane,H. J. Andrews Exp. For.,2500,1986,6,23,J. C. Miller,OSAC,
9,specimen,44.22,-123.2,OR,Lane,Junction City,327,1968,7,7,G. M. Hawk,OSAC,
9,specimen,44.22,-123.2,OR,Lane,Junction City,327,1969,7,10,G. M. Hawk,OSAC,
9,specimen,44.22,-123.2,OR,Lane,Junction City,327,1968,7,14,G. M. Hawk,OSAC,
9,specimen,44.5,-123.29,OR,Benton,Corvallis 4mS,246,1962,7,4,R. Irish,OSAC,
9,specimen,44.54,-123.37,OR,Benton,Philomath,282,2001,6,17,P. C. Hammond,OSAC,
9,specimen,44.56,-123.26,OR,Benton,Corvallis,229,1947,6,1,Unknown,WWUC,
9,specimen,44.56,-123.26,OR,Benton,Corvallis,225,1944,5,28,Unknown,OSAC,
9,specimen,44.56,-123.26,OR,Benton,Corvallis,225,,,,R. F. Koontz,OSAC,
9,specimen,44.56,-123.26,OR,Benton,Corvallis,225,1979,5,29,G. L. Parsons,OSAC,
9,specimen,44.56,-123.26,OR,Benton,Corvallis,225,1956,6,9,E. J. Dornfeld,OSAC,
9,specimen,44.56,-123.26,OR,Benton,Corvallis,225,1979,6,24,G. L. Parsons,OSAC,
9,specimen,44.56,-123.26,OR,Benton,Corvallis,225,1979,7,6,G. L. Parsons,OSAC,
9,specimen,44.56,-123.26,OR,Benton,Corvallis,225,1962,8,1,J. R. Willard,OSAC,
9,specimen,44.56,-123.26,OR,Benton,Corvallis,225,1958,6,23,E. J. Dornfeld,OSAC,
9,specimen,44.58,-123.42,OR,Benton,Woods Cr.,328,1998,5,7,A. V. Z. Brower,OSAC,
9,specimen,44.59,-123.4,OR,Benton,Blakesley Cr.,984,2001,6,7,A. V. Z. Brower,OSAC,
9,specimen,44.59,-123.4,OR,Benton,Blakesley Cr.,984,2001,5,31,A. V. Z. Brower,OSAC,
9,specimen,44.62,-123.32,OR,Benton,Corvallis 5mNW Oak Cr. Gate,500,1962,6,9,N. McFarland,OSAC,
9,specimen,44.77,-122.56,OR,Marion,Mill City 5mW,650,1960,7,16,C. W. Nelson,OSAC,
9,specimen,44.94,-123.03,OR,Marion,Salem,154,1965,5,13,C. W. Nelson,OSAC,
9,specimen,44.94,-123.03,OR,Marion,Salem,154,1955,7,19,F. P. Larson,ODAC,
9,specimen,44.94,-123.03,OR,Marion,Salem,154,1959,7,7,Harold Foster,ODAC,
9,specimen,45.14,-123.29,OR,Yamhill,McMinville 6mSW,300,1925,,,Unknown,OSAC,
9,specimen,45.14,-122.86,OR,Marion,Woodburn,187,1934,6,6,C. W. Herr,OSAC,
9,specimen,45.21,-123.2,OR,Yamhill,McMinnville,160,1940,6,28,K. & D. Fender,OSAC,
9,specimen,45.22,-123.08,OR,Yamhill,Dayton,140,1960,9,7,Ray Albright,RA,
9,specimen,45.35,-122.68,OR,Clackamas,Oregon City 4mW,400,1977,7,27,S. G. Jewett Jr.,OSAC,
9,specimen,45.35,-122.68,OR,Clackamas,Oregon City 4mW,400,1978,6,24,S. G. Jewett Jr.,OSAC,
9,specimen,45.52,-123.11,OR,Washington,Forest Grove,211,1964,7,6,Unknown,WFBM,
9,specimen,45.52,-122.99,OR,Washington,Hillsboro,194,1936,5,14,Schuh/Gray,OSAC,
9,specimen,45.62,-122.04,WA,Skamania,Skamania,92,1974,7,26,S. G. Jewett Jr.,OSAC,
9,photograph,45.7,-121.89,WA,Skamania,Stevenson,400,2006,7,23,J. Davis,,
9,photograph,45.71,-121.74,WA,Skamania,Frog L Wind Mt,400,2008,6,23,J. Davis,,
9,photograph,45.72,-121.35,WA,Klickitat,Major Cr Rd Hanson Cr,400,2007,6,21,J. Davis,,
10,specimen,42.06,-122.09,OR,Klamath,Klamath R Cyn 5 mi SSW John Boyle Res,3247,2014,4,29,L. Crabo/G. Morrell,LGCC,
10,specimen,44.46,-121.64,OR,Jefferson,Camp Sherman,3000,1976,6,20,S. Jewett Jr.,OSAC,
10,specimen,44.57,-121.62,OR,Jefferson,Lower Abbot Cr. Metolius R.,2736,2001,6,7,D. N. Ross,DNR,
10,specimen,44.68,-121.72,OR,Jefferson,Mt. Jefferson nr.,5327,1993,5,25,Unknown,OSAC,
10,specimen,44.68,-121.72,OR,Jefferson,Mt. Jefferson nr.,5327,1993,6,3,Unknown,OSAC,
10,specimen,44.74,-116.81,ID,Washington,East Brownlee Cr.,4200,2009,6,28,Jon H. Shepard,JHS,
10,specimen,44.84,-117.91,OR,Baker,Spring Cr.,4000,1955,6,22,J. H. Baker,AMNH,
10,specimen,45.23,-123.07,OR,Yamhill,Newberg 5mS,140,1971,5,26,Unknown,ODAC,
10,specimen,45.28,-117.26,OR,Wallowa,Chief Joseph Mt.,4000,1956,6,30,G. & J. Sperry,AMNH,
10,specimen,45.35,-122.68,OR,Clackamas,Oregon City 4mW,400,1973,5,28,S. G. Jewett Jr.,OSAC,
10,specimen,45.35,-117.23,OR,Wallowa,Joseph,4500,1954,7,,N. Crickmer,AMNH,
10,specimen,45.43,-113.83,ID,Lemhi,4th of July Cr,6316,2020,6,26,L. G. Crabo,LGCC,
10,specimen,45.44,-123.14,OR,Washington,Gaston,198,1964,8,12,Kenneth Goeden,ODAC,
10,specimen,45.49,-122.8,OR,Washington,Beaverton,193,1965,5,21,K. J. Goeden,ODAC,
10,specimen,45.81,-120.53,WA,Klickitat,Badger Gulch,1160,2000,6,4,J. & S. Shepard,JHS,
10,specimen,45.9,-120.68,WA,Klickitat,Munson Prairie,2573,1988,5,21,L. G. Crabo,LGCC,
10,specimen,46.49,-120.95,WA,Yakima,Tampico 6mSW,2740,1999,7,7,P. J. Landolt,OSAC,
10,specimen,46.73,-117,ID,Latah,Moscow,2560,1961,6,1,Phyllis Strecker,WFBM,
10,specimen,46.73,-117,ID,Latah,Moscow,2560,1961,6,17,Phyllis Strecker,WFBM,
10,specimen,46.79,-121.09,WA,Yakima,Bethel Ridge,3554,2005,7,5,L. & E. Crabo,LGCC,
10,specimen,46.81,-116.92,ID,Latah,Moscow 6mNE,3360,2002,6,11,M. R. Stage,WFBM,
10,specimen,47.16,-120.61,WA,Kittitas,Reecer Cr. @ Johnson Cyn.,2834,1991,7,20,L. G. Crabo,LGCC,
10,specimen,47.28,-120.7,WA,Kittitas,Mineral Spr. Resort,2700,1992,5,4,D. A. Rolfs,DAR,
10,specimen,47.47,-115.93,ID,Shoshone,Wallace,2744,1926,7,8,O. Huelleman,WFBM,
10,specimen,47.47,-115.93,ID,Shoshone,Wallace,2744,1937,7,1,O. Huelleman,WFBM,
10,specimen,47.47,-115.93,ID,Shoshone,Wallace,2744,1912,6,18,O. Huelleman,WFBM,
10,specimen,47.47,-115.93,ID,Shoshone,Wallace,2744,1938,5,21,O. Huellemann,AMNH,
10,specimen,47.47,-115.93,ID,Shoshone,Wallace,2744,1938,6,7,O. Huellemann,AMNH,
10,specimen,47.47,-115.93,ID,Shoshone,Wallace,2744,1939,7,27,O. Huellemann,AMNH,
10,specimen,47.47,-115.93,ID,Shoshone,Wallace,2744,1940,7,1,O. Huellemann,AMNH,
10,specimen,47.62,-120.73,WA,Chelan,Hwy 2 at The Alps,1500,2023,6,9,D. Droppers,DDroppersC,
10,field notes,47.66,-120.51,WA,Chelan,Eagle Creek,2428,2010,7,9,D. Droppers,,
10,specimen,47.69,-117.01,ID,Kootenai,Pleasant View nr.,2200,1958,5,13,C. S. Crawford,WSU,
10,specimen,48.07,-122.79,WA,Jefferson,Fort Townsend SP,50,1971,6,14,Unknown,WSU,
10,specimen,48.12,-120.21,WA,Okanogan,Gold Crk.,4117,2007,6,27,M.A. Peterson et al.,MAP,
10,specimen,48.48,-120.19,WA,Okanogan,Winthrop,1768,1961,6,16,Jon Shepard,JHS,
10,photograph,48.49,-120.16,WA,Okanogan,Lake Pearrygin State Park,1931,2010,6,12,D. Droppers,,
10,specimen,48.58,-118.24,WA,Ferry,Canyon Cr. CG,2182,2013,5,7,J. & S. Shepard,JHS,
10,specimen,48.59,-120.51,WA,Okanogan,Klipchuck C.G.,3073,1995,5,7,L. G. Crabo,LGCC,
10,specimen,48.64,-120.46,WA,Okanogan,Harts Pass Rd. @ Deadhorse Pt.,3841,1997,7,23,L. G. Crabo,LGCC,
10,specimen,49.07,-120.78,BC,Okanagan-Similkameen,Manning Park,4211,1974,6,,R. H. Carcasson,RBCM,
10,specimen,49.1,-117.7,BC,Kootenay Boundary,Trail,1375,1900,5,9,Blackmore Coll.,UBC,
10,specimen,49.18,-119.55,BC,Okanagan-Similkameen,Oliver,991,,,,Unknown,CNC,
10,specimen,49.92,-116.92,BC,Central Kootenay,Kaslo,2017,,,,J. W. Cockle,CNC,
10,specimen,50.7,-119.22,BC,Columbia-Shuswap,South Canoe,1622,1905,5,5,W. R. Buckle,UBC,
11,specimen,42.14,-111.62,ID,Franklin,Willow Flat CG Wasatch Mts,6102,2012,7,13,L. G. Crabo,LGCC,
11,specimen,42.18,-111.64,ID,Franklin,Wasatch Mts FR407,6988,2012,7,13,L. G. Crabo,LGCC,
11,specimen,43.76,-116.1,ID,Ada,Bogus Basin,6176,1984,7,10,K. D. Cannon,CIDA,
11,specimen,43.76,-116.1,ID,Ada,Bogus Basin,6176,1996,7,5,G. M. Stephens,CIDA,
11,specimen,43.79,-116.09,ID,Boise,Bogus Basin,6178,1996,6,12,C. D. Ferris,CDF,
11,photograph,44.34,-116.18,ID,Gem,Sage Hen Creek CG at Sage Hen Res,4970,2008,8,17,F. & M. Zeillemaker,,
11,specimen,45.12,-116.67,ID,Adams,Cuprum 2mN,6523,1999,7,10,D. V. McCorkle,DVM,
11,specimen,45.98,-120.65,WA,Klickitat,Satus Pass,3280,1999,6,25,D. A. Rolfs,DAR,
